-- MySQL dump 10.13  Distrib 8.2.0, for Win64 (x86_64)
--
-- Host: localhost    Database: hirunner
-- ------------------------------------------------------
-- Server version	8.2.0

/*!40101 SET @OLD_CHARACTER_SET_CLIENT=@@CHARACTER_SET_CLIENT */;
/*!40101 SET @OLD_CHARACTER_SET_RESULTS=@@CHARACTER_SET_RESULTS */;
/*!40101 SET @OLD_COLLATION_CONNECTION=@@COLLATION_CONNECTION */;
/*!50503 SET NAMES utf8mb4 */;
/*!40103 SET @OLD_TIME_ZONE=@@TIME_ZONE */;
/*!40103 SET TIME_ZONE='+00:00' */;
/*!40014 SET @OLD_UNIQUE_CHECKS=@@UNIQUE_CHECKS, UNIQUE_CHECKS=0 */;
/*!40014 SET @OLD_FOREIGN_KEY_CHECKS=@@FOREIGN_KEY_CHECKS, FOREIGN_KEY_CHECKS=0 */;
/*!40101 SET @OLD_SQL_MODE=@@SQL_MODE, SQL_MODE='NO_AUTO_VALUE_ON_ZERO' */;
/*!40111 SET @OLD_SQL_NOTES=@@SQL_NOTES, SQL_NOTES=0 */;

--
-- Table structure for table `auth_group`
--

DROP TABLE IF EXISTS `auth_group`;
/*!40101 SET @saved_cs_client     = @@character_set_client */;
/*!50503 SET character_set_client = utf8mb4 */;
CREATE TABLE `auth_group` (
  `id` int NOT NULL AUTO_INCREMENT,
  `name` varchar(150) NOT NULL,
  PRIMARY KEY (`id`),
  UNIQUE KEY `name` (`name`)
) ENGINE=InnoDB DEFAULT CHARSET=utf8mb4 COLLATE=utf8mb4_bin;
/*!40101 SET character_set_client = @saved_cs_client */;

--
-- Dumping data for table `auth_group`
--

LOCK TABLES `auth_group` WRITE;
/*!40000 ALTER TABLE `auth_group` DISABLE KEYS */;
/*!40000 ALTER TABLE `auth_group` ENABLE KEYS */;
UNLOCK TABLES;

--
-- Table structure for table `auth_group_permissions`
--

DROP TABLE IF EXISTS `auth_group_permissions`;
/*!40101 SET @saved_cs_client     = @@character_set_client */;
/*!50503 SET character_set_client = utf8mb4 */;
CREATE TABLE `auth_group_permissions` (
  `id` int NOT NULL AUTO_INCREMENT,
  `group_id` int NOT NULL,
  `permission_id` int NOT NULL,
  PRIMARY KEY (`id`),
  UNIQUE KEY `auth_group_permissions_group_id_permission_id_0cd325b0_uniq` (`group_id`,`permission_id`),
  KEY `auth_group_permissio_permission_id_84c5c92e_fk_auth_perm` (`permission_id`),
  CONSTRAINT `auth_group_permissio_permission_id_84c5c92e_fk_auth_perm` FOREIGN KEY (`permission_id`) REFERENCES `auth_permission` (`id`),
  CONSTRAINT `auth_group_permissions_group_id_b120cbf9_fk_auth_group_id` FOREIGN KEY (`group_id`) REFERENCES `auth_group` (`id`)
) ENGINE=InnoDB DEFAULT CHARSET=utf8mb4 COLLATE=utf8mb4_bin;
/*!40101 SET character_set_client = @saved_cs_client */;

--
-- Dumping data for table `auth_group_permissions`
--

LOCK TABLES `auth_group_permissions` WRITE;
/*!40000 ALTER TABLE `auth_group_permissions` DISABLE KEYS */;
/*!40000 ALTER TABLE `auth_group_permissions` ENABLE KEYS */;
UNLOCK TABLES;

--
-- Table structure for table `auth_permission`
--

DROP TABLE IF EXISTS `auth_permission`;
/*!40101 SET @saved_cs_client     = @@character_set_client */;
/*!50503 SET character_set_client = utf8mb4 */;
CREATE TABLE `auth_permission` (
  `id` int NOT NULL AUTO_INCREMENT,
  `name` varchar(255) NOT NULL,
  `content_type_id` int NOT NULL,
  `codename` varchar(100) NOT NULL,
  PRIMARY KEY (`id`),
  UNIQUE KEY `auth_permission_content_type_id_codename_01ab375a_uniq` (`content_type_id`,`codename`),
  CONSTRAINT `auth_permission_content_type_id_2f476e4b_fk_django_co` FOREIGN KEY (`content_type_id`) REFERENCES `django_content_type` (`id`)
) ENGINE=InnoDB AUTO_INCREMENT=73 DEFAULT CHARSET=utf8mb4 COLLATE=utf8mb4_bin;
/*!40101 SET character_set_client = @saved_cs_client */;

--
-- Dumping data for table `auth_permission`
--

LOCK TABLES `auth_permission` WRITE;
/*!40000 ALTER TABLE `auth_permission` DISABLE KEYS */;
INSERT INTO `auth_permission` VALUES (1,'Can add log entry',1,'add_logentry'),(2,'Can change log entry',1,'change_logentry'),(3,'Can delete log entry',1,'delete_logentry'),(4,'Can view log entry',1,'view_logentry'),(5,'Can add permission',2,'add_permission'),(6,'Can change permission',2,'change_permission'),(7,'Can delete permission',2,'delete_permission'),(8,'Can view permission',2,'view_permission'),(9,'Can add group',3,'add_group'),(10,'Can change group',3,'change_group'),(11,'Can delete group',3,'delete_group'),(12,'Can view group',3,'view_group'),(13,'Can add content type',4,'add_contenttype'),(14,'Can change content type',4,'change_contenttype'),(15,'Can delete content type',4,'delete_contenttype'),(16,'Can view content type',4,'view_contenttype'),(17,'Can add session',5,'add_session'),(18,'Can change session',5,'change_session'),(19,'Can delete session',5,'delete_session'),(20,'Can view session',5,'view_session'),(21,'Can add role',6,'add_role'),(22,'Can change role',6,'change_role'),(23,'Can delete role',6,'delete_role'),(24,'Can view role',6,'view_role'),(25,'Can add user role',7,'add_userrole'),(26,'Can change user role',7,'change_userrole'),(27,'Can delete user role',7,'delete_userrole'),(28,'Can view user role',7,'view_userrole'),(29,'Can add user',8,'add_user'),(30,'Can change user',8,'change_user'),(31,'Can delete user',8,'delete_user'),(32,'Can view user',8,'view_user'),(33,'Can add case',9,'add_case'),(34,'Can change case',9,'change_case'),(35,'Can delete case',9,'delete_case'),(36,'Can view case',9,'view_case'),(37,'Can add case result',10,'add_caseresult'),(38,'Can change case result',10,'change_caseresult'),(39,'Can delete case result',10,'delete_caseresult'),(40,'Can view case result',10,'view_caseresult'),(41,'Can add fixture',11,'add_fixture'),(42,'Can change fixture',11,'change_fixture'),(43,'Can delete fixture',11,'delete_fixture'),(44,'Can view fixture',11,'view_fixture'),(45,'Can add plan',12,'add_plan'),(46,'Can change plan',12,'change_plan'),(47,'Can delete plan',12,'delete_plan'),(48,'Can view plan',12,'view_plan'),(49,'Can add plan case',13,'add_plancase'),(50,'Can change plan case',13,'change_plancase'),(51,'Can delete plan case',13,'delete_plancase'),(52,'Can view plan case',13,'view_plancase'),(53,'Can add plan result',14,'add_planresult'),(54,'Can change plan result',14,'change_planresult'),(55,'Can delete plan result',14,'delete_planresult'),(56,'Can view plan result',14,'view_planresult'),(57,'Can add project',15,'add_project'),(58,'Can change project',15,'change_project'),(59,'Can delete project',15,'delete_project'),(60,'Can view project',15,'view_project'),(61,'Can add env var',16,'add_envvar'),(62,'Can change env var',16,'change_envvar'),(63,'Can delete env var',16,'delete_envvar'),(64,'Can view env var',16,'view_envvar'),(65,'Can add django job',17,'add_djangojob'),(66,'Can change django job',17,'change_djangojob'),(67,'Can delete django job',17,'delete_djangojob'),(68,'Can view django job',17,'view_djangojob'),(69,'Can add django job execution',18,'add_djangojobexecution'),(70,'Can change django job execution',18,'change_djangojobexecution'),(71,'Can delete django job execution',18,'delete_djangojobexecution'),(72,'Can view django job execution',18,'view_djangojobexecution');
/*!40000 ALTER TABLE `auth_permission` ENABLE KEYS */;
UNLOCK TABLES;

--
-- Table structure for table `case`
--

DROP TABLE IF EXISTS `case`;
/*!40101 SET @saved_cs_client     = @@character_set_client */;
/*!50503 SET character_set_client = utf8mb4 */;
CREATE TABLE `case` (
  `id` int NOT NULL AUTO_INCREMENT,
  `created_at` datetime(6) NOT NULL,
  `updated_at` datetime(6) NOT NULL,
  `desc` varchar(500) NOT NULL,
  `code` longtext NOT NULL,
  `creator_nickname` varchar(64) NOT NULL,
  `project_id` int NOT NULL,
  `filename` varchar(200) NOT NULL,
  `source` varchar(10) NOT NULL,
  PRIMARY KEY (`id`)
) ENGINE=InnoDB AUTO_INCREMENT=2 DEFAULT CHARSET=utf8mb4 COLLATE=utf8mb4_bin;
/*!40101 SET character_set_client = @saved_cs_client */;

--
-- Dumping data for table `case`
--

LOCK TABLES `case` WRITE;
/*!40000 ALTER TABLE `case` DISABLE KEYS */;
INSERT INTO `case` VALUES (1,'2023-11-26 10:19:50.898912','2023-11-26 10:19:50.898912','æµ‹è¯•ç”¨ä¾‹1','print(\"æµ‹è¯•ç”¨ä¾‹1\")','ç®¡ç†å‘˜',1,'','platform');
/*!40000 ALTER TABLE `case` ENABLE KEYS */;
UNLOCK TABLES;

--
-- Table structure for table `case_result`
--

DROP TABLE IF EXISTS `case_result`;
/*!40101 SET @saved_cs_client     = @@character_set_client */;
/*!50503 SET character_set_client = utf8mb4 */;
CREATE TABLE `case_result` (
  `id` int NOT NULL AUTO_INCREMENT,
  `created_at` datetime(6) NOT NULL,
  `updated_at` datetime(6) NOT NULL,
  `case_id` int NOT NULL,
  `result` varchar(50) NOT NULL,
  `elapsed` varchar(50) NOT NULL,
  `output` longtext NOT NULL,
  `run_env` varchar(20) NOT NULL,
  `run_user_nickname` varchar(64) NOT NULL,
  `run_time` datetime(6) NOT NULL,
  PRIMARY KEY (`id`)
) ENGINE=InnoDB DEFAULT CHARSET=utf8mb4 COLLATE=utf8mb4_bin;
/*!40101 SET character_set_client = @saved_cs_client */;

--
-- Dumping data for table `case_result`
--

LOCK TABLES `case_result` WRITE;
/*!40000 ALTER TABLE `case_result` DISABLE KEYS */;
/*!40000 ALTER TABLE `case_result` ENABLE KEYS */;
UNLOCK TABLES;

--
-- Table structure for table `django_admin_log`
--

DROP TABLE IF EXISTS `django_admin_log`;
/*!40101 SET @saved_cs_client     = @@character_set_client */;
/*!50503 SET character_set_client = utf8mb4 */;
CREATE TABLE `django_admin_log` (
  `id` int NOT NULL AUTO_INCREMENT,
  `action_time` datetime(6) NOT NULL,
  `object_id` longtext,
  `object_repr` varchar(200) NOT NULL,
  `action_flag` smallint unsigned NOT NULL,
  `change_message` longtext NOT NULL,
  `content_type_id` int DEFAULT NULL,
  `user_id` int NOT NULL,
  PRIMARY KEY (`id`),
  KEY `django_admin_log_content_type_id_c4bce8eb_fk_django_co` (`content_type_id`),
  KEY `django_admin_log_user_id_c564eba6_fk_user_id` (`user_id`),
  CONSTRAINT `django_admin_log_content_type_id_c4bce8eb_fk_django_co` FOREIGN KEY (`content_type_id`) REFERENCES `django_content_type` (`id`),
  CONSTRAINT `django_admin_log_user_id_c564eba6_fk_user_id` FOREIGN KEY (`user_id`) REFERENCES `user` (`id`),
  CONSTRAINT `django_admin_log_chk_1` CHECK ((`action_flag` >= 0))
) ENGINE=InnoDB DEFAULT CHARSET=utf8mb4 COLLATE=utf8mb4_bin;
/*!40101 SET character_set_client = @saved_cs_client */;

--
-- Dumping data for table `django_admin_log`
--

LOCK TABLES `django_admin_log` WRITE;
/*!40000 ALTER TABLE `django_admin_log` DISABLE KEYS */;
/*!40000 ALTER TABLE `django_admin_log` ENABLE KEYS */;
UNLOCK TABLES;

--
-- Table structure for table `django_apscheduler_djangojob`
--

DROP TABLE IF EXISTS `django_apscheduler_djangojob`;
/*!40101 SET @saved_cs_client     = @@character_set_client */;
/*!50503 SET character_set_client = utf8mb4 */;
CREATE TABLE `django_apscheduler_djangojob` (
  `id` varchar(255) NOT NULL,
  `next_run_time` datetime(6) DEFAULT NULL,
  `job_state` longblob NOT NULL,
  PRIMARY KEY (`id`),
  KEY `django_apscheduler_djangojob_next_run_time_2f022619` (`next_run_time`)
) ENGINE=InnoDB DEFAULT CHARSET=utf8mb4 COLLATE=utf8mb4_bin;
/*!40101 SET character_set_client = @saved_cs_client */;

--
-- Dumping data for table `django_apscheduler_djangojob`
--

LOCK TABLES `django_apscheduler_djangojob` WRITE;
/*!40000 ALTER TABLE `django_apscheduler_djangojob` DISABLE KEYS */;
INSERT INTO `django_apscheduler_djangojob` VALUES ('delete_old_job_executions','2023-11-26 16:00:00.000000',_binary 'ï¿½ï¿½P\0\0\0\0\0\0}ï¿½(ï¿½versionï¿½Kï¿½idï¿½ï¿½delete_old_job_executionsï¿½ï¿½funcï¿½ï¿½.hirunner.views.task:delete_old_job_executionsï¿½ï¿½triggerï¿½ï¿½apscheduler.triggers.cronï¿½ï¿½CronTriggerï¿½ï¿½ï¿½)ï¿½ï¿½}ï¿½(hKï¿½timezoneï¿½ï¿½builtinsï¿½ï¿½getattrï¿½ï¿½ï¿½ï¿½backports.zoneinfoï¿½ï¿½ZoneInfoï¿½ï¿½ï¿½ï¿½	_unpickleï¿½ï¿½ï¿½Rï¿½ï¿½\rAsia/Shanghaiï¿½Kï¿½ï¿½Rï¿½ï¿½\nstart_dateï¿½Nï¿½end_dateï¿½Nï¿½fieldsï¿½]ï¿½(ï¿½ apscheduler.triggers.cron.fieldsï¿½ï¿½	BaseFieldï¿½ï¿½ï¿½)ï¿½ï¿½}ï¿½(ï¿½nameï¿½ï¿½yearï¿½ï¿½\nis_defaultï¿½ï¿½ï¿½expressionsï¿½]ï¿½ï¿½%apscheduler.triggers.cron.expressionsï¿½ï¿½\rAllExpressionï¿½ï¿½ï¿½)ï¿½ï¿½}ï¿½ï¿½stepï¿½Nsbaubhï¿½\nMonthFieldï¿½ï¿½ï¿½)ï¿½ï¿½}ï¿½(h\"ï¿½monthï¿½h$ï¿½h%]ï¿½h))ï¿½ï¿½}ï¿½h,Nsbaubhï¿½DayOfMonthFieldï¿½ï¿½ï¿½)ï¿½ï¿½}ï¿½(h\"ï¿½dayï¿½h$ï¿½h%]ï¿½h))ï¿½ï¿½}ï¿½h,Nsbaubhï¿½	WeekFieldï¿½ï¿½ï¿½)ï¿½ï¿½}ï¿½(h\"ï¿½weekï¿½h$ï¿½h%]ï¿½h))ï¿½ï¿½}ï¿½h,Nsbaubhï¿½DayOfWeekFieldï¿½ï¿½ï¿½)ï¿½ï¿½}ï¿½(h\"ï¿½day_of_weekï¿½h$ï¿½h%]ï¿½h\'ï¿½WeekdayRangeExpressionï¿½ï¿½ï¿½)ï¿½ï¿½}ï¿½(h,Nï¿½firstï¿½K\0ï¿½lastï¿½K\0ubaubh)ï¿½ï¿½}ï¿½(h\"ï¿½hourï¿½h$ï¿½h%]ï¿½h\'ï¿½RangeExpressionï¿½ï¿½ï¿½)ï¿½ï¿½}ï¿½(h,NhOK\0hPK\0ubaubh)ï¿½ï¿½}ï¿½(h\"ï¿½minuteï¿½h$ï¿½h%]ï¿½hV)ï¿½ï¿½}ï¿½(h,NhOK\0hPK\0ubaubh)ï¿½ï¿½}ï¿½(h\"ï¿½secondï¿½h$ï¿½h%]ï¿½hV)ï¿½ï¿½}ï¿½(h,NhOK\0hPK\0ubaubeï¿½jitterï¿½Nubï¿½executorï¿½ï¿½defaultï¿½ï¿½argsï¿½)ï¿½kwargsï¿½}ï¿½h\"hï¿½misfire_grace_timeï¿½Kï¿½coalesceï¿½ï¿½ï¿½\rmax_instancesï¿½Kï¿½\rnext_run_timeï¿½ï¿½datetimeï¿½ï¿½datetimeï¿½ï¿½ï¿½C\n\ï¿½\0\0\0\0\0\0ï¿½hï¿½ï¿½Rï¿½u.');
/*!40000 ALTER TABLE `django_apscheduler_djangojob` ENABLE KEYS */;
UNLOCK TABLES;

--
-- Table structure for table `django_apscheduler_djangojobexecution`
--

DROP TABLE IF EXISTS `django_apscheduler_djangojobexecution`;
/*!40101 SET @saved_cs_client     = @@character_set_client */;
/*!50503 SET character_set_client = utf8mb4 */;
CREATE TABLE `django_apscheduler_djangojobexecution` (
  `id` bigint NOT NULL AUTO_INCREMENT,
  `status` varchar(50) NOT NULL,
  `run_time` datetime(6) NOT NULL,
  `duration` decimal(15,2) DEFAULT NULL,
  `finished` decimal(15,2) DEFAULT NULL,
  `exception` varchar(1000) DEFAULT NULL,
  `traceback` longtext,
  `job_id` varchar(255) NOT NULL,
  PRIMARY KEY (`id`),
  KEY `django_apscheduler_djangojobexecution_run_time_16edd96b` (`run_time`),
  KEY `django_apscheduler_djangojobexecution_job_id_daf5090a_fk` (`job_id`),
  CONSTRAINT `django_apscheduler_djangojobexecution_job_id_daf5090a_fk` FOREIGN KEY (`job_id`) REFERENCES `django_apscheduler_djangojob` (`id`)
) ENGINE=InnoDB DEFAULT CHARSET=utf8mb4 COLLATE=utf8mb4_bin;
/*!40101 SET character_set_client = @saved_cs_client */;

--
-- Dumping data for table `django_apscheduler_djangojobexecution`
--

LOCK TABLES `django_apscheduler_djangojobexecution` WRITE;
/*!40000 ALTER TABLE `django_apscheduler_djangojobexecution` DISABLE KEYS */;
/*!40000 ALTER TABLE `django_apscheduler_djangojobexecution` ENABLE KEYS */;
UNLOCK TABLES;

--
-- Table structure for table `django_content_type`
--

DROP TABLE IF EXISTS `django_content_type`;
/*!40101 SET @saved_cs_client     = @@character_set_client */;
/*!50503 SET character_set_client = utf8mb4 */;
CREATE TABLE `django_content_type` (
  `id` int NOT NULL AUTO_INCREMENT,
  `app_label` varchar(100) NOT NULL,
  `model` varchar(100) NOT NULL,
  PRIMARY KEY (`id`),
  UNIQUE KEY `django_content_type_app_label_model_76bd3d3b_uniq` (`app_label`,`model`)
) ENGINE=InnoDB AUTO_INCREMENT=19 DEFAULT CHARSET=utf8mb4 COLLATE=utf8mb4_bin;
/*!40101 SET character_set_client = @saved_cs_client */;

--
-- Dumping data for table `django_content_type`
--

LOCK TABLES `django_content_type` WRITE;
/*!40000 ALTER TABLE `django_content_type` DISABLE KEYS */;
INSERT INTO `django_content_type` VALUES (1,'admin','logentry'),(3,'auth','group'),(2,'auth','permission'),(4,'contenttypes','contenttype'),(17,'django_apscheduler','djangojob'),(18,'django_apscheduler','djangojobexecution'),(5,'sessions','session'),(9,'hirunner','case'),(10,'hirunner','caseresult'),(16,'hirunner','envvar'),(11,'hirunner','fixture'),(12,'hirunner','plan'),(13,'hirunner','plancase'),(14,'hirunner','planresult'),(15,'hirunner','project'),(6,'user','role'),(8,'user','user'),(7,'user','userrole');
/*!40000 ALTER TABLE `django_content_type` ENABLE KEYS */;
UNLOCK TABLES;

--
-- Table structure for table `django_migrations`
--

DROP TABLE IF EXISTS `django_migrations`;
/*!40101 SET @saved_cs_client     = @@character_set_client */;
/*!50503 SET character_set_client = utf8mb4 */;
CREATE TABLE `django_migrations` (
  `id` int NOT NULL AUTO_INCREMENT,
  `app` varchar(255) NOT NULL,
  `name` varchar(255) NOT NULL,
  `applied` datetime(6) NOT NULL,
  PRIMARY KEY (`id`)
) ENGINE=InnoDB AUTO_INCREMENT=29 DEFAULT CHARSET=utf8mb4 COLLATE=utf8mb4_bin;
/*!40101 SET character_set_client = @saved_cs_client */;

--
-- Dumping data for table `django_migrations`
--

LOCK TABLES `django_migrations` WRITE;
/*!40000 ALTER TABLE `django_migrations` DISABLE KEYS */;
INSERT INTO `django_migrations` VALUES (1,'contenttypes','0001_initial','2023-11-04 15:27:13.799696'),(2,'contenttypes','0002_remove_content_type_name','2023-11-04 15:27:13.876265'),(3,'auth','0001_initial','2023-11-04 15:27:13.970775'),(4,'auth','0002_alter_permission_name_max_length','2023-11-04 15:27:14.236040'),(5,'auth','0003_alter_user_email_max_length','2023-11-04 15:27:14.244037'),(6,'auth','0004_alter_user_username_opts','2023-11-04 15:27:14.252222'),(7,'auth','0005_alter_user_last_login_null','2023-11-04 15:27:14.260223'),(8,'auth','0006_require_contenttypes_0002','2023-11-04 15:27:14.264265'),(9,'auth','0007_alter_validators_add_error_messages','2023-11-04 15:27:14.273257'),(10,'auth','0008_alter_user_username_max_length','2023-11-04 15:27:14.281256'),(11,'auth','0009_alter_user_last_name_max_length','2023-11-04 15:27:14.289256'),(12,'auth','0010_alter_group_name_max_length','2023-11-04 15:27:14.307220'),(13,'auth','0011_update_proxy_permissions','2023-11-04 15:27:14.316223'),(14,'auth','0012_alter_user_first_name_max_length','2023-11-04 15:27:14.323254'),(15,'user','0001_initial','2023-11-04 15:27:14.477143'),(16,'admin','0001_initial','2023-11-04 15:27:14.846726'),(17,'admin','0002_logentry_remove_auto_add','2023-11-04 15:27:14.976261'),(18,'admin','0003_logentry_add_action_flag_choices','2023-11-04 15:27:14.985251'),(19,'django_apscheduler','0001_initial','2023-11-04 15:27:15.056206'),(20,'django_apscheduler','0002_auto_20180412_0758','2023-11-04 15:27:15.207408'),(21,'django_apscheduler','0003_auto_20200716_1632','2023-11-04 15:27:15.333118'),(22,'django_apscheduler','0004_auto_20200717_1043','2023-11-04 15:27:15.534545'),(23,'django_apscheduler','0005_migrate_name_to_id','2023-11-04 15:27:15.550625'),(24,'django_apscheduler','0006_remove_djangojob_name','2023-11-04 15:27:15.604136'),(25,'django_apscheduler','0007_auto_20200717_1404','2023-11-04 15:27:15.676543'),(26,'django_apscheduler','0008_remove_djangojobexecution_started','2023-11-04 15:27:15.717186'),(27,'sessions','0001_initial','2023-11-04 15:27:15.749336'),(28,'hirunner','0001_initial','2023-11-04 15:27:16.011987');
/*!40000 ALTER TABLE `django_migrations` ENABLE KEYS */;
UNLOCK TABLES;

--
-- Table structure for table `django_session`
--

DROP TABLE IF EXISTS `django_session`;
/*!40101 SET @saved_cs_client     = @@character_set_client */;
/*!50503 SET character_set_client = utf8mb4 */;
CREATE TABLE `django_session` (
  `session_key` varchar(40) NOT NULL,
  `session_data` longtext NOT NULL,
  `expire_date` datetime(6) NOT NULL,
  PRIMARY KEY (`session_key`),
  KEY `django_session_expire_date_a5c62663` (`expire_date`)
) ENGINE=InnoDB DEFAULT CHARSET=utf8mb4 COLLATE=utf8mb4_bin;
/*!40101 SET character_set_client = @saved_cs_client */;

--
-- Dumping data for table `django_session`
--

LOCK TABLES `django_session` WRITE;
/*!40000 ALTER TABLE `django_session` DISABLE KEYS */;
/*!40000 ALTER TABLE `django_session` ENABLE KEYS */;
UNLOCK TABLES;

--
-- Table structure for table `env_var`
--

DROP TABLE IF EXISTS `env_var`;
/*!40101 SET @saved_cs_client     = @@character_set_client */;
/*!50503 SET character_set_client = utf8mb4 */;
CREATE TABLE `env_var` (
  `id` int NOT NULL AUTO_INCREMENT,
  `created_at` datetime(6) NOT NULL,
  `updated_at` datetime(6) NOT NULL,
  `name` varchar(50) NOT NULL,
  `value` varchar(100) NOT NULL,
  `desc` varchar(200) NOT NULL,
  `project_id` int NOT NULL,
  `env_name` varchar(20) NOT NULL,
  PRIMARY KEY (`id`),
  UNIQUE KEY `env_var_project_id_env_name_name_5ecb8e05_uniq` (`project_id`,`env_name`,`name`)
) ENGINE=InnoDB AUTO_INCREMENT=2 DEFAULT CHARSET=utf8mb4 COLLATE=utf8mb4_bin;
/*!40101 SET character_set_client = @saved_cs_client */;

--
-- Dumping data for table `env_var`
--

LOCK TABLES `env_var` WRITE;
/*!40000 ALTER TABLE `env_var` DISABLE KEYS */;
INSERT INTO `env_var` VALUES (1,'2023-11-26 10:19:11.520580','2023-11-26 10:19:11.520580','domain','https://dev.com','åŸŸå',1,'dev');
/*!40000 ALTER TABLE `env_var` ENABLE KEYS */;
UNLOCK TABLES;

--
-- Table structure for table `fixture`
--

DROP TABLE IF EXISTS `fixture`;
/*!40101 SET @saved_cs_client     = @@character_set_client */;
/*!50503 SET character_set_client = utf8mb4 */;
CREATE TABLE `fixture` (
  `id` int NOT NULL AUTO_INCREMENT,
  `created_at` datetime(6) NOT NULL,
  `updated_at` datetime(6) NOT NULL,
  `name` varchar(100) NOT NULL,
  `desc` varchar(500) NOT NULL,
  `code` longtext NOT NULL,
  `creator_nickname` varchar(64) NOT NULL,
  `project_id` int NOT NULL,
  PRIMARY KEY (`id`)
) ENGINE=InnoDB AUTO_INCREMENT=2 DEFAULT CHARSET=utf8mb4 COLLATE=utf8mb4_bin;
/*!40101 SET character_set_client = @saved_cs_client */;

--
-- Dumping data for table `fixture`
--

LOCK TABLES `fixture` WRITE;
/*!40000 ALTER TABLE `fixture` DISABLE KEYS */;
INSERT INTO `fixture` VALUES (1,'2023-11-26 10:19:11.524570','2023-11-26 10:19:11.524570','fixture_login','ç™»å½•','from tep.client import request\nfrom tep.fixture import *\n\n\ndef _jwt_headers(token):\n    return {\"Content-Type\": \"application/json\", \"authorization\": f\"Bearer {token}\"}\n\n\n@pytest.fixture(scope=\"session\")\ndef login(env_vars):\n    # Code your login\n    logger.info(\"Administrator login\")\n    response = request(\n        \"post\",\n        url=env_vars.domain + \"/api/users/login\",\n        headers={\"Content-Type\": \"application/json\"},\n        json={\n            \"username\": \"dongfanger\",\n            \"password\": \"123\",\n        }\n    )\n    assert response.status_code < 400\n    response_token = jmespath.search(\"token\", response.json())\n    super_admin_id = jmespath.search(\"user.id\", response.json())\n\n    class Clazz:\n        token = response_token\n        jwt_headers = _jwt_headers(response_token)\n        admin_id = super_admin_id\n\n    return Clazz','ç®¡ç†å‘˜',1);
/*!40000 ALTER TABLE `fixture` ENABLE KEYS */;
UNLOCK TABLES;

--
-- Table structure for table `plan`
--

DROP TABLE IF EXISTS `plan`;
/*!40101 SET @saved_cs_client     = @@character_set_client */;
/*!50503 SET character_set_client = utf8mb4 */;
CREATE TABLE `plan` (
  `id` int NOT NULL AUTO_INCREMENT,
  `name` varchar(50) NOT NULL,
  `project_id` int NOT NULL,
  `task_status` varchar(1) DEFAULT NULL,
  `task_crontab` varchar(20) DEFAULT NULL,
  `task_run_env` varchar(20) DEFAULT NULL,
  PRIMARY KEY (`id`)
) ENGINE=InnoDB DEFAULT CHARSET=utf8mb4 COLLATE=utf8mb4_bin;
/*!40101 SET character_set_client = @saved_cs_client */;

--
-- Dumping data for table `plan`
--

LOCK TABLES `plan` WRITE;
/*!40000 ALTER TABLE `plan` DISABLE KEYS */;
/*!40000 ALTER TABLE `plan` ENABLE KEYS */;
UNLOCK TABLES;

--
-- Table structure for table `plan_case`
--

DROP TABLE IF EXISTS `plan_case`;
/*!40101 SET @saved_cs_client     = @@character_set_client */;
/*!50503 SET character_set_client = utf8mb4 */;
CREATE TABLE `plan_case` (
  `id` int NOT NULL AUTO_INCREMENT,
  `plan_id` int NOT NULL,
  `case_id` int NOT NULL,
  PRIMARY KEY (`id`)
) ENGINE=InnoDB DEFAULT CHARSET=utf8mb4 COLLATE=utf8mb4_bin;
/*!40101 SET character_set_client = @saved_cs_client */;

--
-- Dumping data for table `plan_case`
--

LOCK TABLES `plan_case` WRITE;
/*!40000 ALTER TABLE `plan_case` DISABLE KEYS */;
/*!40000 ALTER TABLE `plan_case` ENABLE KEYS */;
UNLOCK TABLES;

--
-- Table structure for table `plan_result`
--

DROP TABLE IF EXISTS `plan_result`;
/*!40101 SET @saved_cs_client     = @@character_set_client */;
/*!50503 SET character_set_client = utf8mb4 */;
CREATE TABLE `plan_result` (
  `id` int NOT NULL AUTO_INCREMENT,
  `plan_id` int NOT NULL,
  `case_id` int NOT NULL,
  `result` varchar(50) NOT NULL,
  `elapsed` varchar(50) NOT NULL,
  `output` longtext NOT NULL,
  `run_env` varchar(20) NOT NULL,
  `run_user_nickname` varchar(64) NOT NULL,
  `run_time` datetime(6) NOT NULL,
  PRIMARY KEY (`id`)
) ENGINE=InnoDB DEFAULT CHARSET=utf8mb4 COLLATE=utf8mb4_bin;
/*!40101 SET character_set_client = @saved_cs_client */;

--
-- Dumping data for table `plan_result`
--

LOCK TABLES `plan_result` WRITE;
/*!40000 ALTER TABLE `plan_result` DISABLE KEYS */;
/*!40000 ALTER TABLE `plan_result` ENABLE KEYS */;
UNLOCK TABLES;

--
-- Table structure for table `project`
--

DROP TABLE IF EXISTS `project`;
/*!40101 SET @saved_cs_client     = @@character_set_client */;
/*!50503 SET character_set_client = utf8mb4 */;
CREATE TABLE `project` (
  `id` int NOT NULL AUTO_INCREMENT,
  `created_at` datetime(6) NOT NULL,
  `updated_at` datetime(6) NOT NULL,
  `name` varchar(100) NOT NULL,
  `env_config` varchar(100) NOT NULL,
  `git_repository` varchar(100) DEFAULT NULL,
  `git_branch` varchar(100) DEFAULT NULL,
  `last_sync_time` datetime(6) DEFAULT NULL,
  PRIMARY KEY (`id`),
  UNIQUE KEY `name` (`name`)
) ENGINE=InnoDB AUTO_INCREMENT=2 DEFAULT CHARSET=utf8mb4 COLLATE=utf8mb4_bin;
/*!40101 SET character_set_client = @saved_cs_client */;

--
-- Dumping data for table `project`
--

LOCK TABLES `project` WRITE;
/*!40000 ALTER TABLE `project` DISABLE KEYS */;
INSERT INTO `project` VALUES (1,'2023-11-26 10:19:11.506211','2023-11-26 10:19:11.506211','é¡¹ç›®1','dev','','',NULL);
/*!40000 ALTER TABLE `project` ENABLE KEYS */;
UNLOCK TABLES;

--
-- Table structure for table `role`
--

DROP TABLE IF EXISTS `role`;
/*!40101 SET @saved_cs_client     = @@character_set_client */;
/*!50503 SET character_set_client = utf8mb4 */;
CREATE TABLE `role` (
  `id` int NOT NULL AUTO_INCREMENT,
  `created_at` datetime(6) NOT NULL,
  `updated_at` datetime(6) NOT NULL,
  `name` varchar(64) NOT NULL,
  `auth` json NOT NULL,
  PRIMARY KEY (`id`)
) ENGINE=InnoDB AUTO_INCREMENT=4 DEFAULT CHARSET=utf8mb4 COLLATE=utf8mb4_bin;
/*!40101 SET character_set_client = @saved_cs_client */;

--
-- Dumping data for table `role`
--

LOCK TABLES `role` WRITE;
/*!40000 ALTER TABLE `role` DISABLE KEYS */;
INSERT INTO `role` VALUES (1,'2010-07-01 10:20:30.000000','2010-07-01 10:20:30.000000','ç®¡ç†å‘˜','[{\"id\": \"hirunner\", \"name\": \"æ¥å£è‡ªåŠ¨åŒ–\", \"access\": true}, {\"id\": \"console\", \"name\": \"åå°ç®¡ç†\", \"access\": true}]'),(2,'2010-07-01 10:20:30.000000','2010-07-01 10:20:30.000000','æµ‹è¯•','[{\"id\": \"hirunner\", \"name\": \"æ¥å£è‡ªåŠ¨åŒ–\", \"access\": true}, {\"id\": \"console\", \"name\": \"åå°ç®¡ç†\", \"access\": true}]'),(3,'2010-07-01 10:20:30.000000','2010-07-01 10:20:30.000000','å¼€å‘','[{\"id\": \"hirunner\", \"name\": \"æ¥å£è‡ªåŠ¨åŒ–\", \"access\": true}, {\"id\": \"console\", \"name\": \"åå°ç®¡ç†\", \"access\": true}]');
/*!40000 ALTER TABLE `role` ENABLE KEYS */;
UNLOCK TABLES;

--
-- Table structure for table `user`
--

DROP TABLE IF EXISTS `user`;
/*!40101 SET @saved_cs_client     = @@character_set_client */;
/*!50503 SET character_set_client = utf8mb4 */;
CREATE TABLE `user` (
  `id` int NOT NULL AUTO_INCREMENT,
  `password` varchar(128) NOT NULL,
  `last_login` datetime(6) DEFAULT NULL,
  `is_superuser` tinyint(1) NOT NULL,
  `username` varchar(150) NOT NULL,
  `first_name` varchar(150) NOT NULL,
  `last_name` varchar(150) NOT NULL,
  `email` varchar(254) NOT NULL,
  `is_staff` tinyint(1) NOT NULL,
  `is_active` tinyint(1) NOT NULL,
  `date_joined` datetime(6) NOT NULL,
  `nickname` varchar(64) NOT NULL,
  PRIMARY KEY (`id`),
  UNIQUE KEY `username` (`username`)
) ENGINE=InnoDB AUTO_INCREMENT=2 DEFAULT CHARSET=utf8mb4 COLLATE=utf8mb4_bin;
/*!40101 SET character_set_client = @saved_cs_client */;

--
-- Dumping data for table `user`
--

LOCK TABLES `user` WRITE;
/*!40000 ALTER TABLE `user` DISABLE KEYS */;
INSERT INTO `user` VALUES (1,'pbkdf2_sha256$216000$AZ2u7Eg75x9z$dRO88eFBUnWt+VcZXYnXcD3/4ftgE/9z5PMusU3MxHU=',NULL,0,'admin','','','',1,1,'2023-11-04 07:28:26.372473','ç®¡ç†å‘˜');
/*!40000 ALTER TABLE `user` ENABLE KEYS */;
UNLOCK TABLES;

--
-- Table structure for table `user_groups`
--

DROP TABLE IF EXISTS `user_groups`;
/*!40101 SET @saved_cs_client     = @@character_set_client */;
/*!50503 SET character_set_client = utf8mb4 */;
CREATE TABLE `user_groups` (
  `id` int NOT NULL AUTO_INCREMENT,
  `user_id` int NOT NULL,
  `group_id` int NOT NULL,
  PRIMARY KEY (`id`),
  UNIQUE KEY `user_groups_user_id_group_id_40beef00_uniq` (`user_id`,`group_id`),
  KEY `user_groups_group_id_b76f8aba_fk_auth_group_id` (`group_id`),
  CONSTRAINT `user_groups_group_id_b76f8aba_fk_auth_group_id` FOREIGN KEY (`group_id`) REFERENCES `auth_group` (`id`),
  CONSTRAINT `user_groups_user_id_abaea130_fk_user_id` FOREIGN KEY (`user_id`) REFERENCES `user` (`id`)
) ENGINE=InnoDB DEFAULT CHARSET=utf8mb4 COLLATE=utf8mb4_bin;
/*!40101 SET character_set_client = @saved_cs_client */;

--
-- Dumping data for table `user_groups`
--

LOCK TABLES `user_groups` WRITE;
/*!40000 ALTER TABLE `user_groups` DISABLE KEYS */;
/*!40000 ALTER TABLE `user_groups` ENABLE KEYS */;
UNLOCK TABLES;

--
-- Table structure for table `user_role`
--

DROP TABLE IF EXISTS `user_role`;
/*!40101 SET @saved_cs_client     = @@character_set_client */;
/*!50503 SET character_set_client = utf8mb4 */;
CREATE TABLE `user_role` (
  `id` int NOT NULL AUTO_INCREMENT,
  `created_at` datetime(6) NOT NULL,
  `updated_at` datetime(6) NOT NULL,
  `user_id` int NOT NULL,
  `role_id` int NOT NULL,
  PRIMARY KEY (`id`)
) ENGINE=InnoDB AUTO_INCREMENT=2 DEFAULT CHARSET=utf8mb4 COLLATE=utf8mb4_bin;
/*!40101 SET character_set_client = @saved_cs_client */;

--
-- Dumping data for table `user_role`
--

LOCK TABLES `user_role` WRITE;
/*!40000 ALTER TABLE `user_role` DISABLE KEYS */;
INSERT INTO `user_role` VALUES (1,'2010-07-01 10:20:30.000000','2010-07-01 10:20:30.000000',1,1);
/*!40000 ALTER TABLE `user_role` ENABLE KEYS */;
UNLOCK TABLES;

--
-- Table structure for table `user_user_permissions`
--

DROP TABLE IF EXISTS `user_user_permissions`;
/*!40101 SET @saved_cs_client     = @@character_set_client */;
/*!50503 SET character_set_client = utf8mb4 */;
CREATE TABLE `user_user_permissions` (
  `id` int NOT NULL AUTO_INCREMENT,
  `user_id` int NOT NULL,
  `permission_id` int NOT NULL,
  PRIMARY KEY (`id`),
  UNIQUE KEY `user_user_permissions_user_id_permission_id_7dc6e2e0_uniq` (`user_id`,`permission_id`),
  KEY `user_user_permission_permission_id_9deb68a3_fk_auth_perm` (`permission_id`),
  CONSTRAINT `user_user_permission_permission_id_9deb68a3_fk_auth_perm` FOREIGN KEY (`permission_id`) REFERENCES `auth_permission` (`id`),
  CONSTRAINT `user_user_permissions_user_id_ed4a47ea_fk_user_id` FOREIGN KEY (`user_id`) REFERENCES `user` (`id`)
) ENGINE=InnoDB DEFAULT CHARSET=utf8mb4 COLLATE=utf8mb4_bin;
/*!40101 SET character_set_client = @saved_cs_client */;

--
-- Dumping data for table `user_user_permissions`
--

LOCK TABLES `user_user_permissions` WRITE;
/*!40000 ALTER TABLE `user_user_permissions` DISABLE KEYS */;
/*!40000 ALTER TABLE `user_user_permissions` ENABLE KEYS */;
UNLOCK TABLES;

--
-- Dumping routines for database 'hirunner'
--
/*!40103 SET TIME_ZONE=@OLD_TIME_ZONE */;

/*!40101 SET SQL_MODE=@OLD_SQL_MODE */;
/*!40014 SET FOREIGN_KEY_CHECKS=@OLD_FOREIGN_KEY_CHECKS */;
/*!40014 SET UNIQUE_CHECKS=@OLD_UNIQUE_CHECKS */;
/*!40101 SET CHARACTER_SET_CLIENT=@OLD_CHARACTER_SET_CLIENT */;
/*!40101 SET CHARACTER_SET_RESULTS=@OLD_CHARACTER_SET_RESULTS */;
/*!40101 SET COLLATION_CONNECTION=@OLD_COLLATION_CONNECTION */;
/*!40111 SET SQL_NOTES=@OLD_SQL_NOTES */;

-- Dump completed on 2024-01-13 13:13:09
